<?xml version="1.0"?>
<VissimConfigurerData xmlns:xsd="http://www.w3.org/2001/XMLSchema" xmlns:xsi="http://www.w3.org/2001/XMLSchema-instance" VissimRunDuringSimulation="false" ReportUnsupportedRoads="true" GenerateOnBuild="false">
  <EgoVehicle UniqueID="0" />
  <PreScanVehicles>
    <Vehicle UniqueID="23" />
    <Vehicle UniqueID="34" />
    <Vehicle UniqueID="37" />
    <Vehicle UniqueID="40" />
    <Vehicle UniqueID="43" />
    <Vehicle UniqueID="46" />
  </PreScanVehicles>
  <ExternallyControlledVehicles />
</VissimConfigurerData>